S.No.,Title,Chapter,Verse,Sanskrit Anuvad,Hindi Anuvad,Enlgish Translation,Explanation,Human Life Relevance,Emotional Themes,Life Situation Relevance,Keywords Tags,Actionable Insights,Verse Category
1,Arjuna's Vishada Yoga,Chapter 1,Verse 1.1,धतरषटर उवच  धरमकषतर करकषतर समवत ययतसव ममक पणडवशचव कमकरवत सञजय ,धतरषटर बल ह सजय धरमभम करकषतर म एकतरत यदध क इचछवल मर और पणड क पतर न कय कय,"Dhrtarashtra asked of Sanjaya: O SANJAYA, what did my warrior sons and those of Pandu do when they were gathered at KURUKSHETRA, the field of religious activities? Tell me of those happenings.",king dhritarashtra asks sanjay about the events on the battlefield of kurukshetra he refers to it as dharma kshetra a place of righteousness and inquires what actions the kauravas his side and pandavas the opposing side are taking as they prepare for battle this sets the stage for the great war emphasizing themes of righteousness and duty ,"This verse speaks about the importance of our actions in the context of life's struggles and dilemmas. It calls attention to the complex moral landscapes people navigate daily, emphasizing the duality of sides—each of us faces opposing forces or ideas in our daily lives that shape decisions and relationships. The idea of a ""field of dharma"" shows how life situations become arenas of conflict where principles and decisions are tested.","The emotional undertones in this verse convey curiosity, uncertainty, and a desire to understand. Dhritarashtra, being blind, is deeply concerned and curious about the battle, not just for physical outcomes but for moral and ethical reasons. His sense of helplessness in understanding the situation without the ability to physically witness it adds depth to emotional distress and longing.","In day-to-day life, this verse can be related to any situation where people face conflicting interests and decisions, especially when stakes are high. Whether it’s in workplace dynamics, family struggles, or even internal battles, understanding the importance of one’s actions and their ethical dimension in life's ""battleground"" becomes crucial.","Dharma, Curiosity, Battle, Moral Dilemma, Conflict, Ethics, Uncertainty, Life Choices","The verse encourages reflection on how we view life's conflicts. In modern life, when caught in challenging situations, it's essential to understand the moral aspects and implications of one's choices. Much like the battle Dhritarashtra seeks knowledge about, one should strive to seek clarity and wisdom in uncertain times.","Introduction, Moral Conflict, Curiosity, Philosophical Dialogue"
2,Arjuna's Vishada Yoga,Chapter 1,Verse 1.2,सञजय उवच  दषटव त पणडवनक वयढ दरयधनसतद आचरयमपसङगमय रज वचनमबरवत  १२ ,सजय बल उस समय रज दरयधन न वयहरचनयकत पणडव क सन क दख और दरणचरय क पस जकर यह वचन कह,"Sanjaya explained: Now seeing that the army of the PANDAVAS was set up properly, the Price DURYODHANA called his teacher, DRONA, to his side and spoke these words:",sanjay describes how duryodhana upon seeing the organized formation of the pandava army approaches his teacher dronacharya duryodhana concerned about the strength of the pandavas forces seeks guidance from dronacharya to understand the situation and strategize for the upcoming battle this moment highlights duryodhanas anxiety and his strategic planning,"This verse emphasizes the moments when people, in positions of power or authority, look to those they trust for guidance before making important decisions. Duryodhana seeks advice from his teacher and mentor, showcasing how in real life, leaders or individuals facing critical situations often rely on wise counsel and reflection before taking significant steps, especially in moments of uncertainty.","The verse reflects uncertainty, concern, and strategic thinking. Duryodhana is confronted with the overwhelming sight of the Pandava army and feels the need to gather more information to make an informed decision. This conveys emotions like apprehension and strategic caution in the face of a challenge.","In the face of crucial decisions, it’s common for individuals to seek trusted advisors. This can be observed in modern corporate settings, personal relationships, or significant life choices. Whether it’s planning a business deal, making a big personal decision, or navigating a challenging situation, seeking advice and understanding the full scope before action is applicable in daily life.","Leadership, Strategy, Guidance, Decision Making, Uncertainty, Consultation, Mentor, Strategy","In important situations, it's vital not to rush decisions. Taking the time to understand all sides of the problem and consulting with experienced mentors or advisors helps in making better, more informed choices. This lesson encourages strategic thoughtfulness and seeking guidance when the outcome of decisions carries significant weight.","Leadership, Decision Making, Consultation, Strategy"
3,Arjuna's Vishada Yoga,Chapter 1,Verse 1.3,पशयत पणडपतरणमचरय महत चमम  वयढ दरपदपतरण तव शषयण धमत  १३ ,ह आचरय आपक बदधमन शषय दरपदपतर धषटदयमन दवर वयहकर खड क हई पणडपतर क इस बड भर सन क दखए,"Behold O, Master, the mighty army of the sons of PANDU, led by the son of DRUPADA, your talented disciple.",duryodhana points out to dronacharya the great and wellorganized army of the pandavas formed by dhrishtadyumna the son of drupad who is one of dronacharyas own disciples he emphasizes the strength and intelligence behind the formation trying to draw dronacharyas attention to the strategic prowess of the opposing side in the war,"This verse reflects a moment of realization and confrontation. It teaches the importance of recognizing and understanding the strength of your opponents or challenges. In life, we must acknowledge when our challenges are bigger than anticipated and when we face situations where the opposition is well-prepared or stronger than we initially perceived. This can be a lesson in self-awareness and readiness.","This verse invokes a sense of awe and the realization of a well-prepared enemy. The mention of the Pandava army's strategic formation raises feelings of realization, respect, and perhaps a bit of apprehension. It underscores the emotional theme of acknowledgment and the gravity of the situation that Duryodhana faces when confronted with a well-prepared adversary.","At times, we face situations where our plans are challenged by stronger forces or better-prepared competitors. This is applicable in every sphere of life—from business to personal endeavors—where understanding and respecting the capabilities of opponents (or challenges) can lead to better decision-making. Recognizing challenges and taking them into account before moving forward is essential for success.","Opposition, Acknowledgment, Awareness, Strategy, Adversary, Preparedness, Realization, Respect","Recognizing challenges and acknowledging the strengths of those who oppose you is an essential step towards planning and moving forward effectively. Instead of underestimating opposition, gaining a full understanding of what you're facing will help devise better strategies and decisions. Humility in acknowledging the strength of others can often lead to wiser choices.","Acknowledgment, Strategy, Awareness, Opponent Evaluation"
4,Arjuna's Vishada Yoga,Chapter 1,Verse 1.4,अतर शर महषवस भमरजनसम यध  ययधन वरटशच दरपदशच महरथ  १४ ,इस सन म बडबड धनष वल तथ यदध म भम और अरजन क समन शरवर सतयक और वरट तथ महरथ रज दरपद धषटकत और चकतन तथ बलवन कशरज परजत कनतभज और मनषय म शरषठ शबय परकरम यधमनय तथ बलवन उततमज सभदरपतर अभमनय एव दरपद क पच पतर य सभ महरथ ह,"Present here are the mighty archers, peers or friends, in warfare, of ARJUNA and BHIMA. Their names are: YUYUDHANA, VIRATA and DRUPADA, the great chariot-warrior. Other great warriors were also present on the battlefield: DHRSHTAKEUT, CHEKITANA and the brave and noble King of Kasi, KUNTIBHIJA and SAIBYA; these are among the great warriors. Other courageous and great chariot-warriors were: YUDHAMANYU, the brave UTTAMAUJA, SAUBHADRA, and the sons of DRAUPADI.",duryodhana highlights the presence of great warriors in the pandava army who are as formidable as bhima and arjuna in battle he mentions yuyudhana virata and drupada all of whom are mighty and skilled warriors further emphasizing the strength and experience of the pandavas forces this reveals duryodhanas concern about the powerful opponents they will face in the war,"This verse emphasizes the presence of highly skilled and valorous individuals in one's surroundings or teams. In life, we often encounter situations where we are surrounded by people of exceptional capability and strength. Recognizing the talents and strengths of those around us allows for better collaboration and decision-making. It also highlights the importance of respecting the capabilities of others, which can inspire us to improve ourselves.","The verse invokes a sense of strength, respect, and admiration for capable and brave warriors. It builds a tone of respect for those with exceptional abilities and acknowledges the sheer power of the individuals involved. This feeling of recognizing competence in others can evoke a sense of awe and sometimes intimidation, which drives one to elevate their own strengths and skills.","In life, we often find ourselves in competitive or high-stakes environments where the presence of highly skilled individuals requires careful planning and preparedness. Whether in personal life, business, or competition, recognizing the strength of others leads to more thoughtful actions and self-awareness. It reminds us that success is often achieved by working with or recognizing the strengths of others rather than competing blindly.","Bravery, Strength, Capability, Valor, Competence, Respect, Battle, Leadership","Bravery, Strength, Capability, Valor, Competence, Respect, Battle, Leadership","Strength, Leadership, Recognition, Valor"
5,Arjuna's Vishada Yoga,Chapter 1,Verse 1.5,धषटकतशचकतन कशरजशच वरयवन  परजतकनतभजशच शबयशच नरपङगव  १५ ,धषटकत चकतन और कश क बहदर रज परजत और कतभज और सबय सबस अचछ परष,"Dhrishtaketu, Chekitana, and the valiant king of Kashi, Purujit and Kuntibhoja and Saibya, the best of men.",duryodhana continues to list more formidable warriors in the pandava army including dhrishtaketu chekitana the king of kashi purujit kuntibhoja and shibya all renowned for their bravery and valor he emphasizes the strength of these warriors indicating the significant challenge the kauravas will face in the battle as these skilled fighters bolster the pandavas army,"This verse highlights the presence of individuals who are courageous, virtuous, and ready to face any challenge. In life, we encounter people who possess qualities like bravery, integrity, and strength, which inspire and challenge us to elevate ourselves. Recognizing the traits of such individuals in our society helps us appreciate the importance of strength, character, and preparedness for life's difficulties.","The verse evokes feelings of admiration and respect towards people with qualities like valor, courage, and wisdom. These emotional themes often stir up motivation and encouragement. They remind us of the importance of inner strength and leadership in difficult circumstances, evoking feelings of inspiration and awe toward those who carry such attributes.","In everyday life, there are challenges where we must find strength within ourselves and also rely on others who possess these qualities. This verse teaches us that, when faced with obstacles or a competitive environment, recognizing and relying on people who have courage, virtue, and strength can play a vital role in achieving success or overcoming hardships.","Valor, Courage, Strength, Leadership, Virtue, Heroism, Wisdom, Inspiration, Character","Surround yourself with people who embody qualities like bravery and wisdom. In challenging times, identify those who can provide the right guidance or leadership. This recognition can help you make better choices, seek mentorship, and focus on developing your own strength and courage for future endeavors.","Courage, Strength, Leadership, Valor, Heroism"
6,Arjuna's Vishada Yoga,Chapter 1,Verse 1.6,यधमनयशच वकरनत उततमजशच वरयवन  सभदर दरपदयशच सरव एव महरथ  १६ ,बलवन यधमनय और वर उततमज सभदर क पतर और दरपद क पतर व सभ मडल सनपत,"The strong Yudhamanyu and the brave Uttamaujas, the son of Subhadra and the sons of Draupadi, all of them, divisional commanders.",duryodhana further mentions the heroic warriors of the pandava army including yudhamanyu the valiant uttamaujas and subhadras son abhimanyu along with the sons of draupadi all of them are great chariot warriors known for their exceptional skill and courage in battle thus adding to the immense strength and competence of the pandava forces,"This verse emphasizes the importance of individual strength, determination, and the ability to stand firm in the face of adversity. In modern life, we often encounter challenges where perseverance, inner strength, and exceptional willpower are necessary to overcome obstacles. Like the warriors mentioned in the verse, we too can draw upon our resilience and resourcefulness to face difficult situations and emerge victorious.","The verse brings to the forefront themes of bravery, valiance, and unwavering determination. These qualities trigger a sense of admiration and encourage one to aspire to greatness in the face of challenges. It emphasizes that regardless of the scale of the challenge, having resolve, passion, and focus can turn adversities into triumphs.","The situations where one has to stand up for their beliefs, fight for justice, or pursue a cause with full dedication are common in life. This verse speaks to those moments, encouraging individuals to muster courage, rally their resources, and go all in for their goals. Whether in personal life, work, or education, embracing this mindset can help achieve success and overcome difficulties.","Bravery, Strength, Determination, Courage, Valor, Willpower, Resolve, Warriors, Dedication, Perseverance","In challenging times, emulate the warriors' determination by staying focused on your goals. Draw strength from within and recognize that with perseverance and courage, you can conquer your fears and rise above obstacles. Seek inspiration from others who have faced adversity with bravery and channel that energy into your own life.","Courage, Strength, Perseverance, Valor, Resolve"
7,Arjuna's Vishada Yoga,Chapter 1,Verse 1.7,असमक त वशषट य तननबध दवजततम  नयक मम सनयसय सजञरथ तनबरवम त  १७ ,ह बरहमणशरषठ  अपन पकष म भ ज परधन ह उनक आप समझ लजय  आपक जनकर क लय मर सन क जज सनपत ह उनक बतलत ह ,"Duryodhana spoke unto his master Drona: O Best of the twice born, I name all of those who are our distinguished Chiefs, the leaders of my army, of your information only.",duryodhana now shifts focus and instructs dronacharya to pay attention to the prominent leaders of the kaurava army he refers to them as the distinguished ones and assures that these warriors will play a crucial role in the upcoming battle duryodhana is highlighting the strength of his own armys leadership to boost morale and prepare for the challenges ahead,"This verse underscores the importance of recognizing the leadership qualities within oneself and others. In life, it's crucial to identify and acknowledge the people around us who play a significant role in guiding or influencing us, whether in personal, professional, or social contexts. Identifying these key individuals helps in building trust, fostering collaboration, and achieving collective goals.","The verse emphasizes the themes of recognition, respect, and trust. It evokes emotions related to admiration for strong leaders and individuals who take charge during critical situations. It highlights the importance of acknowledgment and the impact of those who play pivotal roles in influencing outcomes.","In any team or collaborative effort, identifying and respecting leaders or key figures is essential for ensuring smooth functioning. Whether in workplaces, academic projects, or family matters, recognizing who leads or influences the direction of actions can help streamline decisions and inspire others to follow suit.","Leadership, Acknowledgment, Influence, Respect, Collaboration, Teamwork, Guidance, Recognition","Take a moment to acknowledge the key leaders around you, whether in professional or personal settings. Understand their strengths and roles within the team, and build on collaboration and trust to achieve shared success. In moments of uncertainty or difficulty, look to these leaders for guidance.","Leadership, Recognition, Influence, Teamwork"
8,Arjuna's Vishada Yoga,Chapter 1,Verse 1.8,भवनभषमशच करणशच कपशच समतजय  अशवतथम वकरणशच समदततसतथव च  १८ ,आप  दरणचरय और पतमह भषम तथ करण और सगरमवजय कपचरय तथ वस ह अशवतथम वकरण और समदतत क पतर भरशरव ,"Your wise self, BHISMA, KARNA, KRIPA, the victorious in fight; ASVATTHAMA, VIKARNA and SAUMADATTI as well.",duryodhana lists the key warriors of the kaurava army including bhishma karna kripa and ashwatthama he also mentions vikarna and somadatta who are powerful and esteemed fighters duryodhana highlights these leaders to assure dronacharya of the kauravas strength and the strategic importance of these key figures in the battlefield,"This verse highlights the importance of acknowledging key figures within one's community or team who have specialized roles. In life, it's essential to recognize the unique skills and contributions of others, especially when facing challenges or difficult tasks. Every individual brings something valuable to the table, which is crucial in achieving collective success.","The verse evokes a sense of respect, admiration, and appreciation for those who excel in their areas of strength. It brings out emotional themes of loyalty, courage, and trust, as these figures are presented as key to the success of the task at hand, highlighting the deep emotional connection and reliance on them.","In challenging or high-stakes situations, recognizing and valuing the expertise of those around you becomes critical. Whether it's in a work project, a sports team, or a personal endeavor, understanding and appreciating the strengths of those with specialized knowledge can make a big difference in achieving the goal.","Respect, Expertise, Loyalty, Courage, Trust, Recognition, Strength, Leadership","Identify key figures in your personal or professional life who possess specialized knowledge or skills and appreciate their contributions. In a challenging situation, trust in these individuals' expertise and use their strengths to enhance the collective effort towards success.","Leadership, Expertise, Strength, Loyalty"
9,Arjuna's Vishada Yoga,Chapter 1,Verse 1.9,अनय च बहव शर मदरथ तयकतजवत  ननशसतरपरहरण सरव यदधवशरद  १९ ,और भ मर लय जवन क आश तयग दन वल बहत स शरवर अनक परकर क शसतरसतर स ससजजत और सबकसब यदध म चतर ह ,"Duryodhana further said to Drona: Yet several other heroes and great men, well-trained in combat, armed with assorted powerful weapons and missiles, are ready to lay down their lives for me!",duryodhana emphasizes that many other brave warriors in his army are willing to lay down their lives for him showcasing their unwavering loyalty and valor he further points out that these warriors are highly skilled in various weapons and wellversed in the art of war making them a formidable force on the battlefield ready for any combat situation,"This verse underscores the deep sense of sacrifice, where individuals dedicate their lives to a cause greater than themselves. In life, this mirrors the idea of selflessness and commitment to a larger purpose, whether in a personal or collective struggle. It reflects the value of standing firm for one’s beliefs and being ready to make the ultimate sacrifice for a meaningful goal.","This verse evokes themes of valor, sacrifice, and unwavering dedication. It stirs feelings of respect for those who show extraordinary courage and the emotional depth involved in making personal sacrifices for a cause. The emotional connection is strong when an individual gives everything for what they believe in, highlighting themes of loyalty and honor.","In times of crisis or conflict, individuals may be called to make personal sacrifices for a higher purpose. This verse encourages thinking beyond oneself and understanding that sometimes, the road to achieving larger goals requires stepping away from comfort and making significant personal contributions. It applies to life when one is willing to take tough decisions for the welfare of the greater good.","Sacrifice, Valor, Courage, Commitment, Loyalty, Honor, Dedication, Selflessness",Commit to your higher purpose with complete dedication and be willing to make personal sacrifices when necessary for the greater good. Understand that some goals require more than just effort; they might require a deep personal commitment to something larger than yourself.,"Valor, Sacrifice, Courage, Commitment, Loyalty"
10,Arjuna's Vishada Yoga,Chapter 1,Verse 1.10,अपरयपत तदसमक बल भषमभरकषतम  परयपत तवदमतष बल भमभरकषतम  ११० ,भषमपतमह दवर रकषत हमर वह सन सब परकर स अजय ह और भमदवर रकषत इन लग क यह सन जतन म सगम ह ,"Duryodhana explained with pride to Drona: Our army, led by BHISMA, is numerous and skilled. The army led by BHIMA, however, is weak and lacking in strength and power.",,"This verse emphasizes the importance of strength and protection, highlighting the difference between insufficient and adequate resources or forces. In life, this can be seen as a reminder that sometimes the right amount of effort or resources is required to succeed, and protecting what we have is essential in overcoming challenges.","The emotional theme of this verse revolves around security, confidence, and assurance. The comparison between two forces creates a sense of strength and the certainty that one has sufficient means to face a challenge. It reflects a sense of readiness and the peace that comes from knowing that one is properly prepared.","In life, it is crucial to assess whether we have enough resources—be it time, strength, or support—to handle a particular challenge. This verse underscores the importance of adequate preparation and knowing when one’s efforts are enough to ensure victory or protection. It helps in understanding that merely having strength isn’t always enough; having adequate and strategically deployed resources is key.","Strength, Protection, Adequate Resources, Security, Confidence, Readiness, Preparedness","Evaluate the resources at your disposal to determine whether you are adequately prepared to handle challenges. Strength is important, but being aware of when it’s enough and ensuring everything is in place to protect your goals will lead to greater success.","Strength, Preparation, Security, Protection"
11,Arjuna's Vishada Yoga,Chapter 1,Verse 1.11,अयनष च सरवष यथभगमवसथत  भषममवभरकषनत भवनत सरव एव ह  १११ ,इसलय सब मरच पर अपनअपन जगह सथत रहत हए आप लग सभ नसदह भषमपतमह क सब और स रकष कर ,"Duryodhana instructed his army: Now all of you quickly assume your proper positions for battle, your main goal being to protect and fight alongside BHISMA, your leader, by all means.",,"This verse speaks about collective responsibility and unity. It reflects how every individual, in their respective roles, should contribute towards protecting the greater good. In real-life scenarios, it underscores the importance of teamwork and how each person’s effort is valuable in ensuring the success and security of the entire group or community.","The emotional theme in this verse is about cooperation and mutual trust. It evokes a sense of collective duty and loyalty, where everyone, irrespective of their individual role, is bound by a common goal. It calls for shared responsibility and support to ensure protection or achievement of the objective.","In challenging situations, especially in organizations or communities, people must come together to support one another. This verse is a reminder that collective action, where every person plays their part with dedication, is necessary for tackling large-scale challenges or ensuring protection against potential threats.","Unity, Cooperation, Collective Responsibility, Loyalty, Teamwork, Protection","When working towards a goal, recognize the importance of teamwork and collaboration. Understand that each individual’s contribution strengthens the collective effort, and as such, working together with a shared responsibility can bring about greater success and security.","Unity, Cooperation, Protection, Collective Duty"
12,Arjuna's Vishada Yoga,Chapter 1,Verse 1.12,तसय सञजनयनहरष करवदध पतमह  सहनद वनदयचच शङख दधम परतपवन  ११२ ,करव म वदब बड परतप पतमह भषम न उस दरयधन क हरदय म हरष उतपनन करत हए उचच सवर स सह क दहड क समन गरजकर शख बजय ,"To bring joy to DURYODHANA’s heart, the great grandsire BHISMA, the oldest and most famous of the KAURAVAS, roared loudly like a lion (a battle-cry), and blew his conch to signal the army to advance towards the enemy.",,This verse symbolizes the power of leadership and its ability to inspire and motivate others. It reminds us of the importance of creating enthusiasm and confidence in teams during challenging times.,"Inspiration, leadership, courage, and the creation of collective zeal are the emotional themes. It reflects the role of a leader in fostering energy and determination among others.","In life, situations requiring leadership call for actions that uplift and unite people. This verse emphasizes that leading by example and demonstrating courage can inspire others to face challenges together.","Leadership, Inspiration, Courage, Motivation, Confidence, Enthusiasm","Be a source of inspiration in challenging situations. By expressing confidence and energy, you can motivate those around you to perform at their best and approach challenges with vigor.","Leadership, Inspiration, Motivation"
13,Arjuna's Vishada Yoga,Chapter 1,Verse 1.13,तत शङखशच भरयशच पणवनकगमख  सहसवभयहनयनत स शबदसतमलऽभवत  ११३ ,इसक पशचत शख और नगर तथ ढल मदग और नरसघ आद बज एक सथ ह बज उठ  उनक वह शबद बड भयकर हआ ,"Tremendous noise followed. Conches, kettle-drums, tabors, and trumpets and cowhorns blared across the battlefield.",,"This verse portrays the dramatic start of significant actions, symbolized by the resounding blasts of conch shells and instruments. In life, it reminds us of moments when initial signals or signs herald a pivotal event or change, stirring action and focus.","Excitement, anticipation, and determination dominate the emotions here, creating a vivid sense of readiness and collective resolve as energies are channeled for action.","Critical moments often begin with collective announcements or shifts that stir energy and intention, like embarking on a major project or transitioning into action from preparation. These signals create a momentum, readying everyone involved for what is to come.","Momentum, Readiness, Action, Anticipation, Collective Effort, Intensity, Signals","Identify and embrace the symbolic beginnings in life. Whether it’s preparing for a challenge or celebrating a milestone, such signals can unify and focus efforts to achieve significant goals.","Momentum, Energy, Preparation"
14,Arjuna's Vishada Yoga,Chapter 1,Verse 1.14,तत शवतरहयरयकत महत सयनदन सथत  मधव पणडवशचव दवय शङख परदधमत  ११४ ,इसक अननतर सफद घड स यकतत उततम रथ म बठ हए शरकषण महरज और अरजन न भ अलकक शख बजय ,MADHAVA (Lord Krishna) and PANDAVA were seated in their magnificent chariote attached to white horses and they blew gracefully their divine conches.,,"This verse highlights the symbolism of unity and divine intervention, representing powerful forces coming together for a greater purpose. In life, it suggests that aligning the right resources or support with divine guidance leads to meaningful actions and success.","The theme revolves around the feelings of divinity, empowerment, and purpose. The act of blowing the conch shells reflects a call to action, awakening determination and preparedness for the task at hand.","In life, sometimes a clear alignment of purpose and support leads to the realization of goals. It underscores the importance of unity and divine aid, which can empower an individual or group to confidently face challenges ahead.","Divine Guidance, Unity, Empowerment, Purpose, Call to Action, Preparation, Strength","When faced with a challenge, seek alignment with your purpose and secure the support of your resources or network. Aligning these effectively can create a path towards overcoming obstacles and achieving success.","Unity, Divine Guidance, Empowerment"
15,Arjuna's Vishada Yoga,Chapter 1,Verse 1.15,पञचजनय हषकश दवदतत धनञजय  पणडर दधम महशङख भमकरम वकदर  ११५ ,शरकषण महरज न पञचजनयनमक अरजन न दवदततनमक और भयनक करमवल भमसन न पणडरनमक महशख बजय ,The PANCHAJANYA (the name of one of the conches) was blown by HRISHIKESA (Lord Krishna). The conch named DEVADATTA was blown by DHANANJAYA (Arjuna).,,"This verse signifies the power of sound and action in creating an impact, where each individual’s contribution plays a key role in a collective effort. In life, this could be interpreted as emphasizing the value of each person’s unique actions in achieving a common goal.","The emotional theme revolves around the call to action, strength, and enthusiasm. The conch shells’ sound serves as a rallying cry, evoking a sense of unity, purpose, and determination to fulfill one’s role.","In life, when facing a major endeavor or challenge, every individual’s unique strengths and actions are important to contribute toward success. This verse reflects the power of collaboration, where individuals act with focus and determination to reach the desired outcome.","Unity, Contribution, Strength, Determination, Action, Call to Action, Collaboration","Focus on leveraging your unique strengths while aligning with a collective effort. Each person’s contribution, no matter how different, plays a crucial role in success, especially when united by a common purpose.","Unity, Strength, Action, Purpose"
16,Arjuna's Vishada Yoga,Chapter 1,Verse 1.16,अननतवजय रज कनतपतर यधषठर  नकल सहदवशच सघषमणपषपक  ११६ ,कनतपतर रज यधषठर न अननतवजयनमक और नकल तथ सहदव न सघष और मणपषपक नमक शख बजय ,The King YUDISHTHIRA. the son of KUNTI blew the great conch called ANANTAVIYAYA: NAKUL and  SAHDEV blew SUGHOSHA and MANIPUSHPAKA (also names of conches).,,"This verse emphasizes victory through teamwork and leadership. It highlights how different individuals, each with their own strengths, contribute to a collective goal. In life, this can be related to working together towards a shared objective where leadership and cooperation lead to success.","The emotional themes here are victory, teamwork, and the fulfillment that comes from achieving success as part of a collective effort. The mention of different individuals indicates unity, perseverance, and the pride that comes with overcoming challenges together.","In life, this verse encourages individuals to collaborate and play their part in a team. No matter the role, success comes from contributing to a bigger cause with the shared goal of victory. It also speaks to the role of effective leadership, which brings all together for success.","Teamwork, Victory, Leadership, Cooperation, Collective Goal, Success","Embrace collaboration, leveraging each person’s strength to reach a common goal. Recognize the importance of good leadership and the power of working together towards achieving victory.","Teamwork, Leadership, Success, Victory"
17,Arjuna's Vishada Yoga,Chapter 1,Verse 1.17,कशयशच परमषवस शखणड च महरथ  धषटदयमन वरटशच सतयकशचपरजत  ११७ ,शरषठ धनषवल कशरज और महरथ शखणड एव धषटधमन तथ रज वरट और अजय सतयक रज दर पद एव दरपद क पच पतर और बड भजवल सभदरपतर अभमनय  इन सभ न ह रजन  सब ओर स अलगअलग शख बजय ,"Several conches were also blown by: The ruler of KASI. the great warrior SIKHANDI, DHRSTHTADYUMNA, VIRATA, and SATYAKI, the invincible. DRUPADA and the sons of DRAUPADI, and the mighty armed son of SUBHADRA also blew their several conches.",,"This verse highlights the importance of skilled warriors, each contributing with unique expertise to the success of a larger battle. It reflects the notion that in life, success often depends on having capable individuals with specialized talents working together towards a common goal.","The emotional themes here are empowerment and collaboration. It reflects admiration for those who possess extraordinary skills, showcasing the respect earned through mastery. There is a sense of security that comes when great talents align for a shared purpose.","In various endeavors, it’s important to recognize the value of specialized knowledge and expertise. Whether it's in a career, personal development, or team efforts, collaborating with those who possess unique strengths increases the likelihood of success. It emphasizes the power of bringing together diverse capabilities.","Skills, Mastery, Collaboration, Specialized Expertise, Strength, Team Success","Surround yourself with individuals who possess complementary skills and expertise. Recognize that bringing together diverse strengths will lead to better outcomes, whether in work, life challenges, or goal-setting.","Skill, Expertise, Collaboration, Success"
18,Arjuna's Vishada Yoga,Chapter 1,Verse 1.18,दरपद दरपदयशच सरवश पथवपत  सभदरशच महबह शङखनदधम पथकपथक  ११८ ,दरपद और दरपद क पतर ह पथव क भगवन और सभदर क पतर शकतशल सशसतर न अपनअपन शख उड दए,"Drupada and the sons of Draupadi, O Lord of the Earth, and the son of Subhadra, the mighty armed, blew their respective conches.",,"This verse underscores the importance of unity and coordination among individuals with shared goals, while also emphasizing individual responsibility. In life, it signifies that while each person brings something unique, collective efforts in alignment with individual strengths create a stronger force.","The verse evokes themes of unity, collaboration, and pride in one's contributions. It highlights the collective strength that comes from individuals standing together, each playing a distinct role. There is also an element of personal empowerment and pride in fulfilling one's duty.","Whether in team settings, projects, or communities, this verse teaches that individuals should contribute their talents for a shared goal. It emphasizes the importance of both working in unity and recognizing personal duties to ensure success.","Unity, Collaboration, Responsibility, Individual Strengths, Collective Effort, Duty","Focus on coordinating your efforts with those around you to achieve collective goals. Recognize the value of each person's unique contribution, but also emphasize the importance of working together toward common success.","Collaboration, Unity, Responsibility, Strength"
19,Arjuna's Vishada Yoga,Chapter 1,Verse 1.19,स घष धरतरषटरण हदयन वयदरयत  नभशच पथव चव तमलऽभयननदयन  ११९ ,और उस भयनक शबद न आकश और पथवक भ गजत हए धरतरषटर क अरथत आपक पकषवल क हरदय वदरण कर दय ,The earth and sky was filled with the extremely loud and terrible noise of the PANDAVAS’ bugles and voices which struck fear in the hearts of the KAURAVAS (the sons of Dhrtarashtra).,,"This verse illustrates how sound and action can deeply affect emotions and intentions. In life, words and actions have the power to stir emotions and create a ripple effect, leading to significant change or arousing strong feelings in individuals.","The emotional theme here is disruption, fear, and uncertainty. The sound that reverberates creates an atmosphere of tension, highlighting the emotional impact of events on individuals. This could signify the internal conflicts and anxiety one experiences before a major challenge or confrontation.","In critical situations, the environment’s influence, including external signals or provocations, can alter the mindset and emotions of individuals. The verse reminds us that events and messages can have a profound effect on one’s mental state, requiring careful control and awareness of external influences.","Emotional Impact, Disruption, Anxiety, Conflict, Mental State, Influence","Recognize the power of words, sounds, and events in shaping your emotions and decisions. In moments of tension or conflict, maintaining control over your reactions and being mindful of the influences around you can help you remain calm and focused.","Emotions, Conflict, Influence, Disruption"
